{
    "energy": {
        "initial_energy_pct": 99.75,
        "energy_available_kwh": 498.75,
        "energy_usable_kwh": 458.85,
        "initial_autonomy_h": 3.82375,
        "adjusted_energy_usable_kwh": 342.1587446558436,
        "adjusted_autonomy_h": 2.85132287213203,
        "thermal_loss_factor": 1.3410442
    },
    "system": {
        "avg_pressure_bar": 230.01862,
        "fuel_consumption_index": 216.0,
        "structural_ok": false,
        "systems_ok": false,
        "mission_status": "\u274c LAUNCH ABORTED"
    },
    "loss": {
        "thermal": 34.10442,
        "mechanical": 9.97625724,
        "aux": 2.991
    },
    "correlation": {
        "thermal_loss": {
            "thermal_loss": 1.0,
            "mechanical_loss": -0.1255632642290166,
            "auxiliary_load": -0.0015117346016599168,
            "energy_level_pct": -0.9877948187157347
        },
        "mechanical_loss": {
            "thermal_loss": -0.1255632642290166,
            "mechanical_loss": 1.0,
            "auxiliary_load": -0.02840269772578918,
            "energy_level_pct": -0.0008104847213980125
        },
        "auxiliary_load": {
            "thermal_loss": -0.0015117346016599168,
            "mechanical_loss": -0.02840269772578918,
            "auxiliary_load": 1.0,
            "energy_level_pct": 0.0018684625139918248
        },
        "energy_level_pct": {
            "thermal_loss": -0.9877948187157347,
            "mechanical_loss": -0.0008104847213980125,
            "auxiliary_load": 0.0018684625139918248,
            "energy_level_pct": 1.0
        }
    }
}